{
  "urls": ["./sounds/oneoctave.webm", "./sounds/oneoctave.mp3"],
  "sprite": {
    "03-00cl": [0, 597.1201814058958],
    "03-01cp": [2000, 597.0068027210882],
    "03-02dl": [4000, 597.0068027210882],
    "03-03dp": [6000, 597.0068027210882],
    "03-04el": [8000, 597.0068027210882],
    "03-05fl": [10000, 597.0068027210882],
    "03-06fp": [12000, 597.0068027210882],
    "03-07gl": [14000, 597.0068027210882],
    "03-08gp": [16000, 597.00680272109],
    "03-09al": [18000, 597.00680272109],
    "03-10ap": [20000, 597.00680272109],
    "03-11bl": [22000, 597.00680272109],
    "04-00cl": [24000, 597.00680272109]
  }
}
